Date,title
2024-11-01,"Bolsa mexicana retrocede por cuarta sesión, perfila caída semanal - Milenio"
2024-11-01,Wall Street: S&P 500 pierde 1.4% semanal; la BMV cae 2.24% en semana de Día de Muertos - El Financiero
2024-11-01,BMV extiende su racha negativa y cierra la semana con pérdidas - Infobae México
2024-11-01,¿Cuál es el horario de la BMV? Bolsa Mexicana ajusta jornada de operación ante cambio en EE.UU. - Bloomberg Línea México
2024-11-01,Bolsa Mexicana vuelve a cerrar en negativo: Acumula más de una semana de pérdidas - Líder Empresarial
2024-11-01,BMV rompe racha negativa y comienza el mes en verde - Infobae México
2024-10-31,BMV arranca el día en rojo y suma cuatro jornadas consecutivas con bajadas - Infobae México
2024-10-31,Bolsa mexicana registra en octubre una caída de 3.46% - El Economista
2024-10-30,Bolsa mexicana cae tras fin de temporada de reportes trimestrales - Milenio
2024-10-30,BMV extiende su racha negativa y ya suma tres jornadas en rojo - Infobae México
2024-11-01,Bolsas de México ligaron tres jornadas con pérdidas - El Economista
2024-10-29,BMV abre la jornada en rojo y suma su segundo día consecutivo con pérdidas - Infobae México
2024-10-28,BMV rompe racha positiva y comienza la semana con pérdidas - Infobae México
2024-10-31,"El indicador de referencia de la bolsa mexicana cerró este 31 de octubre con baja de 0,26% - Infobae México"
2024-10-30,"El indicador de referencia de la BMV cerró este 30 de octubre con baja de 0,49% - Infobae México"
2024-10-29,"El indicador de referencia de la BMV cerró este 29 de octubre con baja de 1,27% - Infobae México"
2024-11-01,BMV volverá a operar en horario habitual por fin de horario de verano EUA - AXIS Negocios
2024-10-29,Bolsa mexicana cae en último día de reportes trimestrales - Milenio
2024-10-28,"Bolsa mexicana desciende por sexta sesión, atenta a resultados trimestrales - Milenio"
2024-11-01,"Bolsa mexicana abre noviembre con caída del 0,08 % y cierra semana con pérdida del 2,24 % Por EFE - Investing.com España"
2024-11-01,BMV registra segunda semana de pérdidas - CódigoQro
2024-10-29,Cierre del principal indicador de la BMV este 28 de octubre - Infobae México
2024-11-02,BMV cierra en rojo y peso pierde terreno ante el dólar este 1 de noviembre - TV Azteca
2024-10-30,BMV extiende su caída; destacan pérdidas de Orbia - El Economista
2024-10-31,"Bolsa Mexicana de Valores, liderando el futuro bursátil de México desde hace 130 años - Al Momento Noticias"
2024-10-31,Bolsa Mexicana pierde y suma su séptima caída en ocho jornadas - EL INFORMADOR
2024-10-31,Las acciones del América cayeron en la Bolsa Mexicana de Valores tras la investigación de Emilio Azcárraga - ESTO
2024-10-30,Bolsa mexicana opera con pérdidas tras el cierre de la temporada de reportes - El Economista
2024-10-29,Bolsa Mexicana retrocede y registra su sexta caída en las últimas siete jornadas - EL INFORMADOR
2024-10-29,"La Bolsa mexicana retrocede 1,25 % y anota su sexta caída en las últimas 7 jornadas - Yahoo Finanzas"
2024-10-28,Bolsa mexicana avanza marginalmente y corta racha negativa - El Economista
2024-10-29,Comprende la función de la Bolsa de Valores con este curso gratuito - Fundación Carlos Slim
2024-10-31,Cierra la Bolsa Mexicana el mes de octubre con retroceso del 3.46%... - El Comentario
2024-11-01,Peso avanza tras datos laborales de EU y México; BMV retrocede y perfila pérdida semanal - Forbes México
2024-10-29,La Bolsa Mexicana de Valores gana ligero 0.06 % y corta racha de cinco sesiones con pérdidas - La Crónica de Hoy
2024-11-01,Nafin recaba 5 mil mdp con reapertura de bono a 2.5 años en BMV - AXIS Negocios
2024-10-30,"Peso y BMV, con peor cierre desde el 10 de septiembre - El Universal"
2024-11-01,Las bolsas de valores de México cerraron con caídas; el S&P/BMV IPC perdió un 0.08% - Investing.com México
2024-10-23,Bolsa Mexicana de Valores vuelve a suspender cotización de Grupo Elektra - Aristegui Noticias
2024-10-30,Aleatica anuncia nueva OPA para concretar desliste de la Bolsa Mexicana - Bloomberg Línea México
2024-10-29,BMV cae con fuerza en el último día de la temporada local de reportes trimestrales - El Economista
2024-10-26,"Bolsa Mexicana de Valores, con la peor racha en 3 meses - El Universal"
2024-10-29,Retrocede la Bolsa Mexicana 1.25% y anota su sexta caída en las últimas 7 jornadas - - El Comentario
2024-10-28,BMV avanza levemente tras racha de cinco caídas - El Economista
2024-10-29,BMV retoma las pérdidas en el cierre de la temporada local de reportes - El Economista
2024-10-22,BMV levanta suspensión de acciones de Grupo Elektra • Mercados - Forbes México
2024-10-28,Gana la Bolsa Mexicana un ligero 0.06% y corta racha de 5 sesiones con pérdidas - - El Comentario
2024-10-31,Reporta la BMV pérdida del 0.56% y suma su séptima caída en 8 jornadas - - El Comentario
2024-10-24,BMV abre la jornada sin cambios; suma dos aperturas sin pérdidas - Infobae México
2024-10-25,BMV abre jornada con ganancias mientras acciones de Televisa caen tras salida de Azcárraga - Infobae México
2024-10-30,"Bolsa de México pierde un 0,56 % y suma su séptima caída en ocho jornadas - Yahoo Finanzas"
2024-10-22,BMV comienza el día cotizando a la baja - Infobae México
2024-10-28,Bolsa Mexicana inicia la última semana de octubre en negativo - Líder Empresarial
2024-10-30,"Bolsa mexicana pierde 0,56% a 50.877,24 puntos - LA NACION"
2024-10-22,Ingresos de Grupo Bolsa Mexicana de Valores crecen 13% en el tercer trimestre • Negocios - Forbes México
2024-10-23,BMV abre la jornada con ligeras ganancias - Infobae México
2024-10-25,Bolsa Mexicana de Valores avanza atenta reportes financieros trimestrales - Milenio
2024-10-31,"BMV cumple 130 años de financiar desde el pulque hasta financiamiento sostenible - Dinero, negocios y finanzas"
2024-10-31,Cierre BMV y pesos mexicano hoy 31 de octubre 2024 - TV Azteca
2024-10-31,De la provincia a las estrellas - El Financiero
2024-10-26,Cae Televisa en la Bolsa Mexicana de Valores - W Radio México
2024-10-23,Bolsa Mexicana de Valores vuelve a suspender cotización de Grupo Elektra - Milenio
2024-10-18,"BMV arranca el día en rojo, rompe su racha de aperturas sin pérdidas y apunta a cerrar la semana a la baja - Infobae México"
2024-10-31,"Bolsa mexicana retrocede 0,42% a 50.661,05 puntos - LA NACION"
2024-10-30,InVersiones - Milenio
2024-10-23,Bolsa mexicana de valores vuelve a suspender cotización de Grupo Elektra - El Sol de México
2024-11-01,La BMV cumple 130 años en uno de sus peores momentos y en incertidumbre - ALTO NIVEL
2024-10-16,Bolsa Mexicana de Valores abre la jornada con ligeras ganancias - Infobae México
2024-10-23,Bolsa mexicana inicia al alza mientras acciones de Alsea caen - Milenio
2024-10-28,Peso mexicano se deprecia a la espera de elecciones en EU - Milenio
2024-10-29,Wall Street juega al ‘sube y baja’: Nasdaq toca máximo histórico con 18 mil enteros - El Financiero
2024-10-17,BMV abre el día sin cambios importantes y para su racha positiva - Infobae México
2024-10-30,Peso mexicano y BMV caen tras la divulgación de cifras del mercado laboral - Milenio
2024-10-28,"Bolsa mexicana gana marginal 0,06% a 51.816,3 puntos - LA NACION"
2024-10-22,Bolsa mexicana cae por segunda sesión atenta a resultados trimestrales - Milenio
2024-10-21,Bolsa mexicana inicia semana con pie izquierdo atenta a resultados trimestrales - Milenio
2024-10-21,"Bolsa Mexicana inicia la semana en terreno negativo, en línea con sus pares del exterior - El Economista"
2024-10-14,BMV arranca la semana con pérdidas y suma tres aperturas consecutivas en rojo - Infobae México
2024-10-17,Bolsa mexicana cae tras dos sesiones de ganancias atenta a reportes trimestrales - Milenio
2024-10-15,BMV rompe racha negativa y abre la jornada con ligeras ganancias - Infobae México
2024-10-15,Bolsa mexicana sube al inicio de temporada resultados trimestrales - Milenio
2024-10-22,"Ingresos trimestrales de Grupo BMV suben 13.3%, según reporte - El Economista"
2024-10-30,"Bolsa mexicana pierde 1,25% a 51.166,29 puntos - LA NACION"
2024-10-23,BMV vuelve a suspender cotización de grupo Elektra - Forbes México
2024-10-18,"Bolsa Mexicana de Valores concluye la semana con un avance del 1,21 % - EL INFORMADOR"
2024-10-29,"¡Atención, inversionistas! Cierre BMV y peso mexicano hoy 28 de octubre 2024 - TV Azteca"
2024-10-23,Bolsa Mexicana de Valores prepara ajustes a los aranceles de negociación - Bloomberg Línea México
